{
  "execution_time": {
    "Simple": 448,
    "Learnable": 394
  },
  "energy_consumption": {
    "Simple": 4608226.059571428,
    "Learnable": 4007909.100780001
  },
  "network_usage": {
    "Simple": 49597.5,
    "Learnable": 29682.0
  }
}